,LocationID,demand
0,4,0
1,12,0
2,13,0
3,24,0
4,41,0
5,42,0
6,43,0
7,45,0
8,48,0
9,50,0
10,68,0
11,74,0
12,75,0
13,79,0
14,87,0
15,88,0
16,90,0
17,100,0
18,103,0
19,104,0
20,105,0
21,107,0
22,113,0
23,114,0
24,116,0
25,120,0
26,125,0
27,127,0
28,128,0
29,137,0
30,140,0
31,141,0
32,142,0
33,143,0
34,144,0
35,148,0
36,151,0
37,152,0
38,153,0
39,158,0
40,161,0
41,162,0
42,163,0
43,164,0
44,166,0
45,170,0
46,186,0
47,194,0
48,202,0
49,209,0
50,211,0
51,224,0
52,229,0
53,230,0
54,231,0
55,232,0
56,233,0
57,234,0
58,236,0
59,237,0
60,238,0
61,239,0
62,243,0
63,244,0
64,246,0
65,249,0
66,261,0
67,262,0
68,263,0
